Authors,Title,Year,Source title,Volume,Issue,Art. No.,Page start,Page end,Page count,DOI,Link
"Maciejowska K., Lipiecki A., Uniejewski B.","Statistical and economic evaluation of forecasts in electricity markets: Beyond RMSE and MAE",2026,"Energy Conversion and Management","356",,"121408","","",,"10.1016/j.enconman.2026.121408","https://www.scopus.com/inward/record.uri?eid=2-s2.0-105033581917&doi=10.1016%2fj.enconman.2026.121408&partnerID=40&md5=dcbd73639fa63ae7100146e4e5ec2ead"
"Lipiecki A., Sznajd-Weron K.","When heterogeneity drives hysteresis: Anticonformity in the multistate q -voter model on networks",2025,"Physical Review E","112","5","054316","","",,"10.1103/9f3r-fsrr","https://www.scopus.com/inward/record.uri?eid=2-s2.0-105022818247&doi=10.1103%2f9f3r-fsrr&partnerID=40&md5=74ce2e2c299672bd794560f8b734d484"
"Lipiecki A., Weron R.","PostForecasts.jl: A Julia package for probabilistic forecasting by postprocessing point predictions",2025,"SoftwareX","31",,"102200","","",,"10.1016/j.softx.2025.102200","https://www.scopus.com/inward/record.uri?eid=2-s2.0-105006670437&doi=10.1016%2fj.softx.2025.102200&partnerID=40&md5=6fdfb6e54a987a470d78663a5f7211cd"
"Lipiecki A., Sznajd-Weron K.","Depolarizing power of anticonformity",2025,"Expert Systems with Applications","285",,"127879","","",,"10.1016/j.eswa.2025.127879","https://www.scopus.com/inward/record.uri?eid=2-s2.0-105004815438&doi=10.1016%2fj.eswa.2025.127879&partnerID=40&md5=32e906a44624deb15be28878f0f95dff"
"Lipiecki A., Uniejewski B., Weron R.","Postprocessing of point predictions for probabilistic forecasting of day-ahead electricity prices: The benefits of using isotonic distributional regression",2024,"Energy Economics","139",,"107934","","",,"10.1016/j.eneco.2024.107934","https://www.scopus.com/inward/record.uri?eid=2-s2.0-85205927013&doi=10.1016%2fj.eneco.2024.107934&partnerID=40&md5=f7cbfb67fd6f13c6a54413206158de19"
"Lipiecki A.","Strategic Promotional Campaigns for Sustainable Behaviors: Maximizing Influence in Competitive Complex Contagions",2024,"Lecture Notes in Computer Science (including subseries Lecture Notes in Artificial Intelligence and Lecture Notes in Bioinformatics)","14834 LNCS",,,"62","70",,"10.1007/978-3-031-63759-9_8","https://www.scopus.com/inward/record.uri?eid=2-s2.0-85199644064&doi=10.1007%2f978-3-031-63759-9_8&partnerID=40&md5=ef00eb44099c03d8e4156e36912e8bb2"
"Lipiecki A., Sznajd-Weron K.","Polarization in the three-state q-voter model with anticonformity and bounded confidence",2022,"Chaos, Solitons and Fractals","165",,"112809","","",,"10.1016/j.chaos.2022.112809","https://www.scopus.com/inward/record.uri?eid=2-s2.0-85140286992&doi=10.1016%2fj.chaos.2022.112809&partnerID=40&md5=fe55a95c125d4bca47975ef8092c55bf"
"Doniec M., Lipiecki A., Sznajd-Weron K.","Consensus, Polarization and Hysteresis in the Three-State Noisy q-Voter Model with Bounded Confidence",2022,"Entropy","24","7","983","","",,"10.3390/e24070983","https://www.scopus.com/inward/record.uri?eid=2-s2.0-85137226267&doi=10.3390%2fe24070983&partnerID=40&md5=67921c45ad249ae067d4414fbd01bae1"
"Abramiuk-Szurlej A., Lipiecki A., Pawłowski J., Sznajd-Weron K.","Discontinuous phase transitions in the q-voter model with generalized anticonformity on random graphs",2021,"Scientific Reports","11","1","17719","","",,"10.1038/s41598-021-97155-0","https://www.scopus.com/inward/record.uri?eid=2-s2.0-85114608985&doi=10.1038%2fs41598-021-97155-0&partnerID=40&md5=d18138017bee3cdfb158a412f2705636"
